[
	{
		"id": 508031256,
		"uid": 0,
		"admin": false,
		"balance": 5000,
		"bank": 0,
		"btc": 0,
		"farm_btc": 0,
		"biz": 0,
		"rating": 0,
		"regDate": "23.11.2018",
		"mention": true,
		"ban": false,
		"timers": {
			"hasWorked": false,
			"bonus": false
		},
		"tag": "Даня",
		"work": 0,
		"business": [],
		"notifications": true,
		"exp": 1,
		"level": 1,
		"referal": null,
		"roulette": -1,
		"roulette_bet": 0,
		"transport": {
			"car": 0,
			"yacht": 0,
			"airplane": 0,
			"helicopter": 0
		},
		"realty": {
			"home": 0,
			"apartment": 0
		},
		"misc": {
			"phone": 0,
			"farm": 0,
			"farm_count": 0
		},
		"marriage": {
			"partner": 0,
			"requests": []
		},
		"limit": {
			"timer": 1545588416,
			"sent": 0
		}
	},
	{
		"id": 342925610,
		"uid": 1,
		"admin": false,
		"balance": 5000,
		"bank": 0,
		"btc": 0,
		"farm_btc": 0,
		"biz": 0,
		"rating": 0,
		"regDate": "23.11.2018",
		"mention": true,
		"ban": false,
		"timers": {
			"hasWorked": false,
			"bonus": false
		},
		"tag": "Ангелина",
		"work": 0,
		"business": [],
		"notifications": true,
		"exp": 1,
		"level": 1,
		"referal": null,
		"roulette": -1,
		"roulette_bet": 0,
		"transport": {
			"car": 0,
			"yacht": 0,
			"airplane": 0,
			"helicopter": 0
		},
		"realty": {
			"home": 0,
			"apartment": 0
		},
		"misc": {
			"phone": 0,
			"farm": 0,
			"farm_count": 0
		},
		"marriage": {
			"partner": 0,
			"requests": []
		},
		"limit": {
			"timer": 1545588419,
			"sent": 0
		}
	},
	{
		"id": 336041508,
		"uid": 2,
		"admin": false,
		"balance": 9.999999667958752e+21,
		"bank": 0,
		"btc": 0,
		"farm_btc": 0,
		"biz": 0,
		"rating": 0,
		"regDate": "23.11.2018",
		"mention": true,
		"ban": false,
		"timers": {
			"hasWorked": false,
			"bonus": false
		},
		"tag": "Алексей",
		"work": 0,
		"business": [
			{
				"id": 11,
				"upgrade": 6,
				"workers": 1500,
				"moneys": 0
			},
			{
				"id": 10,
				"upgrade": 4,
				"workers": 1,
				"moneys": 0
			}
		],
		"notifications": true,
		"exp": 1,
		"level": 1,
		"referal": null,
		"roulette": -1,
		"roulette_bet": 0,
		"transport": {
			"car": 0,
			"yacht": 0,
			"airplane": 0,
			"helicopter": 0
		},
		"realty": {
			"home": 0,
			"apartment": 0
		},
		"misc": {
			"phone": 0,
			"farm": 0,
			"farm_count": 0
		},
		"marriage": {
			"partner": 0,
			"requests": []
		},
		"limit": {
			"timer": 1545588420,
			"sent": 0
		}
	},
	{
		"id": 438665265,
		"uid": 3,
		"admin": false,
		"balance": 5000,
		"bank": 0,
		"btc": 0,
		"farm_btc": 0,
		"biz": 0,
		"rating": 0,
		"regDate": "23.11.2018",
		"mention": true,
		"ban": false,
		"timers": {
			"hasWorked": false,
			"bonus": false
		},
		"tag": "Данил",
		"work": 0,
		"business": [],
		"notifications": true,
		"exp": 1,
		"level": 1,
		"referal": null,
		"roulette": -1,
		"roulette_bet": 0,
		"transport": {
			"car": 0,
			"yacht": 0,
			"airplane": 0,
			"helicopter": 0
		},
		"realty": {
			"home": 0,
			"apartment": 0
		},
		"misc": {
			"phone": 0,
			"farm": 0,
			"farm_count": 0
		},
		"marriage": {
			"partner": 0,
			"requests": []
		},
		"limit": {
			"timer": 1545588422,
			"sent": 0
		}
	},
	{
		"id": 234411513,
		"uid": 4,
		"admin": false,
		"balance": 5000,
		"bank": 0,
		"btc": 0,
		"farm_btc": 0,
		"biz": 0,
		"rating": 0,
		"regDate": "23.11.2018",
		"mention": true,
		"ban": false,
		"timers": {
			"hasWorked": false,
			"bonus": false
		},
		"tag": "Акрам",
		"work": 0,
		"business": [],
		"notifications": true,
		"exp": 1,
		"level": 1,
		"referal": null,
		"roulette": -1,
		"roulette_bet": 0,
		"transport": {
			"car": 0,
			"yacht": 0,
			"airplane": 0,
			"helicopter": 0
		},
		"realty": {
			"home": 0,
			"apartment": 0
		},
		"misc": {
			"phone": 0,
			"farm": 0,
			"farm_count": 0
		},
		"marriage": {
			"partner": 0,
			"requests": []
		},
		"limit": {
			"timer": 1545588423,
			"sent": 0
		}
	},
	{
		"id": 483398970,
		"uid": 5,
		"admin": false,
		"balance": 5000,
		"bank": 0,
		"btc": 0,
		"farm_btc": 0,
		"biz": 0,
		"rating": 0,
		"regDate": "23.11.2018",
		"mention": true,
		"ban": false,
		"timers": {
			"hasWorked": false,
			"bonus": false
		},
		"tag": "Каро",
		"work": 0,
		"business": [],
		"notifications": true,
		"exp": 1,
		"level": 1,
		"referal": null,
		"roulette": -1,
		"roulette_bet": 0,
		"transport": {
			"car": 0,
			"yacht": 0,
			"airplane": 0,
			"helicopter": 0
		},
		"realty": {
			"home": 0,
			"apartment": 0
		},
		"misc": {
			"phone": 0,
			"farm": 0,
			"farm_count": 0
		},
		"marriage": {
			"partner": 0,
			"requests": []
		},
		"limit": {
			"timer": 1545588423,
			"sent": 0
		}
	},
	{
		"id": 521129191,
		"uid": 6,
		"admin": false,
		"balance": 5000,
		"bank": 0,
		"btc": 0,
		"farm_btc": 0,
		"biz": 0,
		"rating": 0,
		"regDate": "23.11.2018",
		"mention": true,
		"ban": false,
		"timers": {
			"hasWorked": false,
			"bonus": false
		},
		"tag": "Максим",
		"work": 0,
		"business": [],
		"notifications": true,
		"exp": 1,
		"level": 1,
		"referal": null,
		"roulette": -1,
		"roulette_bet": 0,
		"transport": {
			"car": 0,
			"yacht": 0,
			"airplane": 0,
			"helicopter": 0
		},
		"realty": {
			"home": 0,
			"apartment": 0
		},
		"misc": {
			"phone": 0,
			"farm": 0,
			"farm_count": 0
		},
		"marriage": {
			"partner": 0,
			"requests": []
		},
		"limit": {
			"timer": 1545588424,
			"sent": 0
		}
	},
	{
		"id": 439345540,
		"uid": 7,
		"admin": false,
		"balance": 5000,
		"bank": 0,
		"btc": 0,
		"farm_btc": 0,
		"biz": 0,
		"rating": 0,
		"regDate": "23.11.2018",
		"mention": true,
		"ban": false,
		"timers": {
			"hasWorked": false,
			"bonus": false
		},
		"tag": "Дмитрий",
		"work": 0,
		"business": [],
		"notifications": true,
		"exp": 1,
		"level": 1,
		"referal": null,
		"roulette": -1,
		"roulette_bet": 0,
		"transport": {
			"car": 0,
			"yacht": 0,
			"airplane": 0,
			"helicopter": 0
		},
		"realty": {
			"home": 0,
			"apartment": 0
		},
		"misc": {
			"phone": 0,
			"farm": 0,
			"farm_count": 0
		},
		"marriage": {
			"partner": 0,
			"requests": []
		},
		"limit": {
			"timer": 1545588428,
			"sent": 0
		}
	},
	{
		"id": 507004736,
		"uid": 8,
		"admin": false,
		"balance": 5000,
		"bank": 0,
		"btc": 0,
		"farm_btc": 0,
		"biz": 0,
		"rating": 0,
		"regDate": "23.11.2018",
		"mention": true,
		"ban": false,
		"timers": {
			"hasWorked": false,
			"bonus": false
		},
		"tag": "Дмитрий",
		"work": 0,
		"business": [],
		"notifications": true,
		"exp": 1,
		"level": 1,
		"referal": null,
		"roulette": -1,
		"roulette_bet": 0,
		"transport": {
			"car": 0,
			"yacht": 0,
			"airplane": 0,
			"helicopter": 0
		},
		"realty": {
			"home": 0,
			"apartment": 0
		},
		"misc": {
			"phone": 0,
			"farm": 0,
			"farm_count": 0
		},
		"marriage": {
			"partner": 0,
			"requests": []
		},
		"limit": {
			"timer": 1545588430,
			"sent": 0
		}
	},
	{
		"id": 429857068,
		"uid": 9,
		"admin": false,
		"balance": 5000,
		"bank": 0,
		"btc": 0,
		"farm_btc": 0,
		"biz": 0,
		"rating": 0,
		"regDate": "23.11.2018",
		"mention": true,
		"ban": false,
		"timers": {
			"hasWorked": false,
			"bonus": false
		},
		"tag": "Данил",
		"work": 0,
		"business": [],
		"notifications": true,
		"exp": 1,
		"level": 1,
		"referal": null,
		"roulette": -1,
		"roulette_bet": 0,
		"transport": {
			"car": 0,
			"yacht": 0,
			"airplane": 0,
			"helicopter": 0
		},
		"realty": {
			"home": 0,
			"apartment": 0
		},
		"misc": {
			"phone": 0,
			"farm": 0,
			"farm_count": 0
		},
		"marriage": {
			"partner": 0,
			"requests": []
		},
		"limit": {
			"timer": 1545588435,
			"sent": 0
		}
	},
	{
		"id": 521123575,
		"uid": 10,
		"admin": false,
		"balance": 5000,
		"bank": 0,
		"btc": 0,
		"farm_btc": 0,
		"biz": 0,
		"rating": 0,
		"regDate": "23.11.2018",
		"mention": true,
		"ban": false,
		"timers": {
			"hasWorked": false,
			"bonus": false
		},
		"tag": "Максим",
		"work": 0,
		"business": [],
		"notifications": true,
		"exp": 1,
		"level": 1,
		"referal": null,
		"roulette": -1,
		"roulette_bet": 0,
		"transport": {
			"car": 0,
			"yacht": 0,
			"airplane": 0,
			"helicopter": 0
		},
		"realty": {
			"home": 0,
			"apartment": 0
		},
		"misc": {
			"phone": 0,
			"farm": 0,
			"farm_count": 0
		},
		"marriage": {
			"partner": 0,
			"requests": []
		},
		"limit": {
			"timer": 1545588435,
			"sent": 0
		}
	},
	{
		"id": 478556084,
		"uid": 11,
		"admin": false,
		"balance": 5000,
		"bank": 0,
		"btc": 0,
		"farm_btc": 0,
		"biz": 0,
		"rating": 0,
		"regDate": "23.11.2018",
		"mention": true,
		"ban": false,
		"timers": {
			"hasWorked": false,
			"bonus": false
		},
		"tag": "Рома",
		"work": 0,
		"business": [],
		"notifications": true,
		"exp": 1,
		"level": 1,
		"referal": null,
		"roulette": -1,
		"roulette_bet": 0,
		"transport": {
			"car": 0,
			"yacht": 0,
			"airplane": 0,
			"helicopter": 0
		},
		"realty": {
			"home": 0,
			"apartment": 0
		},
		"misc": {
			"phone": 0,
			"farm": 0,
			"farm_count": 0
		},
		"marriage": {
			"partner": 0,
			"requests": []
		},
		"limit": {
			"timer": 1545588436,
			"sent": 0
		}
	},
	{
		"id": 177201925,
		"uid": 12,
		"admin": false,
		"balance": 5000,
		"bank": 0,
		"btc": 0,
		"farm_btc": 0,
		"biz": 0,
		"rating": 0,
		"regDate": "23.11.2018",
		"mention": true,
		"ban": false,
		"timers": {
			"hasWorked": false,
			"bonus": false
		},
		"tag": "Віталя",
		"work": 0,
		"business": [],
		"notifications": true,
		"exp": 1,
		"level": 1,
		"referal": null,
		"roulette": -1,
		"roulette_bet": 0,
		"transport": {
			"car": 0,
			"yacht": 0,
			"airplane": 0,
			"helicopter": 0
		},
		"realty": {
			"home": 0,
			"apartment": 0
		},
		"misc": {
			"phone": 0,
			"farm": 0,
			"farm_count": 0
		},
		"marriage": {
			"partner": 0,
			"requests": []
		},
		"limit": {
			"timer": 1545588628,
			"sent": 0
		}
	},
	{
		"id": 271032674,
		"uid": 13,
		"admin": false,
		"balance": 5000,
		"bank": 0,
		"btc": 0,
		"farm_btc": 0,
		"biz": 0,
		"rating": 0,
		"regDate": "23.11.2018",
		"mention": true,
		"ban": false,
		"timers": {
			"hasWorked": false,
			"bonus": false
		},
		"tag": "Загиди",
		"work": 0,
		"business": [],
		"notifications": true,
		"exp": 1,
		"level": 1,
		"referal": null,
		"roulette": -1,
		"roulette_bet": 0,
		"transport": {
			"car": 0,
			"yacht": 0,
			"airplane": 0,
			"helicopter": 0
		},
		"realty": {
			"home": 0,
			"apartment": 0
		},
		"misc": {
			"phone": 0,
			"farm": 0,
			"farm_count": 0
		},
		"marriage": {
			"partner": 0,
			"requests": []
		},
		"limit": {
			"timer": 1545588631,
			"sent": 0
		}
	},
	{
		"id": 415692129,
		"uid": 14,
		"admin": false,
		"balance": 5000,
		"bank": 0,
		"btc": 0,
		"farm_btc": 0,
		"biz": 0,
		"rating": 0,
		"regDate": "23.11.2018",
		"mention": true,
		"ban": false,
		"timers": {
			"hasWorked": false,
			"bonus": false
		},
		"tag": "Никита",
		"work": 0,
		"business": [],
		"notifications": true,
		"exp": 1,
		"level": 1,
		"referal": null,
		"roulette": -1,
		"roulette_bet": 0,
		"transport": {
			"car": 0,
			"yacht": 0,
			"airplane": 0,
			"helicopter": 0
		},
		"realty": {
			"home": 0,
			"apartment": 0
		},
		"misc": {
			"phone": 0,
			"farm": 0,
			"farm_count": 0
		},
		"marriage": {
			"partner": 0,
			"requests": []
		},
		"limit": {
			"timer": 1545588803,
			"sent": 0
		}
	},
	{
		"id": 446091607,
		"uid": 15,
		"admin": false,
		"balance": 5000,
		"bank": 0,
		"btc": 0,
		"farm_btc": 0,
		"biz": 0,
		"rating": 0,
		"regDate": "23.11.2018",
		"mention": true,
		"ban": false,
		"timers": {
			"hasWorked": false,
			"bonus": false
		},
		"tag": "Роман",
		"work": 0,
		"business": [],
		"notifications": true,
		"exp": 1,
		"level": 1,
		"referal": null,
		"roulette": -1,
		"roulette_bet": 0,
		"transport": {
			"car": 0,
			"yacht": 0,
			"airplane": 0,
			"helicopter": 0
		},
		"realty": {
			"home": 0,
			"apartment": 0
		},
		"misc": {
			"phone": 0,
			"farm": 0,
			"farm_count": 0
		},
		"marriage": {
			"partner": 0,
			"requests": []
		},
		"limit": {
			"timer": 1545588805,
			"sent": 0
		}
	},
	{
		"id": 517170212,
		"uid": 16,
		"admin": false,
		"balance": 5000,
		"bank": 0,
		"btc": 0,
		"farm_btc": 0,
		"biz": 0,
		"rating": 0,
		"regDate": "23.11.2018",
		"mention": true,
		"ban": false,
		"timers": {
			"hasWorked": false,
			"bonus": false
		},
		"tag": "Sergeid",
		"work": 0,
		"business": [],
		"notifications": true,
		"exp": 1,
		"level": 1,
		"referal": null,
		"roulette": -1,
		"roulette_bet": 0,
		"transport": {
			"car": 0,
			"yacht": 0,
			"airplane": 0,
			"helicopter": 0
		},
		"realty": {
			"home": 0,
			"apartment": 0
		},
		"misc": {
			"phone": 0,
			"farm": 0,
			"farm_count": 0
		},
		"marriage": {
			"partner": 0,
			"requests": []
		},
		"limit": {
			"timer": 1545588933,
			"sent": 0
		}
	},
	{
		"id": 354851788,
		"uid": 17,
		"admin": false,
		"balance": 5000,
		"bank": 0,
		"btc": 0,
		"farm_btc": 0,
		"biz": 0,
		"rating": 0,
		"regDate": "23.11.2018",
		"mention": true,
		"ban": false,
		"timers": {
			"hasWorked": false,
			"bonus": false
		},
		"tag": "Август",
		"work": 0,
		"business": [],
		"notifications": true,
		"exp": 1,
		"level": 1,
		"referal": null,
		"roulette": -1,
		"roulette_bet": 0,
		"transport": {
			"car": 0,
			"yacht": 0,
			"airplane": 0,
			"helicopter": 0
		},
		"realty": {
			"home": 0,
			"apartment": 0
		},
		"misc": {
			"phone": 0,
			"farm": 0,
			"farm_count": 0
		},
		"marriage": {
			"partner": 0,
			"requests": []
		},
		"limit": {
			"timer": 1545589203,
			"sent": 0
		}
	},
	{
		"id": 461352526,
		"uid": 18,
		"admin": false,
		"balance": 5000,
		"bank": 0,
		"btc": 0,
		"farm_btc": 0,
		"biz": 0,
		"rating": 0,
		"regDate": "23.11.2018",
		"mention": true,
		"ban": false,
		"timers": {
			"hasWorked": false,
			"bonus": false
		},
		"tag": "Даниил",
		"work": 0,
		"business": [],
		"notifications": true,
		"exp": 1,
		"level": 1,
		"referal": null,
		"roulette": -1,
		"roulette_bet": 0,
		"transport": {
			"car": 0,
			"yacht": 0,
			"airplane": 0,
			"helicopter": 0
		},
		"realty": {
			"home": 0,
			"apartment": 0
		},
		"misc": {
			"phone": 0,
			"farm": 0,
			"farm_count": 0
		},
		"marriage": {
			"partner": 0,
			"requests": []
		},
		"limit": {
			"timer": 1545589212,
			"sent": 0
		}
	},
	{
		"id": 236395943,
		"uid": 19,
		"admin": false,
		"balance": 5000,
		"bank": 0,
		"btc": 0,
		"farm_btc": 0,
		"biz": 0,
		"rating": 0,
		"regDate": "23.11.2018",
		"mention": true,
		"ban": false,
		"timers": {
			"hasWorked": false,
			"bonus": false
		},
		"tag": "Дима",
		"work": 0,
		"business": [],
		"notifications": true,
		"exp": 1,
		"level": 1,
		"referal": null,
		"roulette": -1,
		"roulette_bet": 0,
		"transport": {
			"car": 0,
			"yacht": 0,
			"airplane": 0,
			"helicopter": 0
		},
		"realty": {
			"home": 0,
			"apartment": 0
		},
		"misc": {
			"phone": 0,
			"farm": 0,
			"farm_count": 0
		},
		"marriage": {
			"partner": 0,
			"requests": []
		},
		"limit": {
			"timer": 1545589217,
			"sent": 0
		}
	},
	{
		"id": 448032967,
		"uid": 20,
		"admin": false,
		"balance": 5000,
		"bank": 0,
		"btc": 0,
		"farm_btc": 0,
		"biz": 0,
		"rating": 0,
		"regDate": "23.11.2018",
		"mention": true,
		"ban": false,
		"timers": {
			"hasWorked": false,
			"bonus": false
		},
		"tag": "Ян",
		"work": 0,
		"business": [],
		"notifications": true,
		"exp": 1,
		"level": 1,
		"referal": null,
		"roulette": -1,
		"roulette_bet": 0,
		"transport": {
			"car": 0,
			"yacht": 0,
			"airplane": 0,
			"helicopter": 0
		},
		"realty": {
			"home": 0,
			"apartment": 0
		},
		"misc": {
			"phone": 0,
			"farm": 0,
			"farm_count": 0
		},
		"marriage": {
			"partner": 0,
			"requests": []
		},
		"limit": {
			"timer": 1545589225,
			"sent": 0
		}
	},
	{
		"id": 167888509,
		"uid": 21,
		"admin": false,
		"balance": 5000,
		"bank": 0,
		"btc": 0,
		"farm_btc": 0,
		"biz": 0,
		"rating": 0,
		"regDate": "20.2.2019",
		"mention": true,
		"ban": false,
		"timers": {
			"hasWorked": false,
			"bonus": false
		},
		"tag": "Константин",
		"work": 0,
		"business": [],
		"notifications": true,
		"exp": 1,
		"level": 1,
		"referal": null,
		"roulette": -1,
		"roulette_bet": 0,
		"transport": {
			"car": 0,
			"yacht": 0,
			"airplane": 0,
			"helicopter": 0
		},
		"realty": {
			"home": 0,
			"apartment": 0
		},
		"misc": {
			"phone": 0,
			"farm": 0,
			"farm_count": 0
		},
		"marriage": {
			"partner": 0,
			"requests": []
		},
		"limit": {
			"timer": 1553075948,
			"sent": 0
		}
	},
	{
		"id": 155265116,
		"uid": 22,
		"admin": false,
		"balance": 5000,
		"bank": 0,
		"btc": 0,
		"farm_btc": 0,
		"biz": 0,
		"rating": 0,
		"regDate": "20.2.2019",
		"mention": true,
		"ban": false,
		"timers": {
			"hasWorked": false,
			"bonus": false
		},
		"tag": "Макс",
		"work": 0,
		"business": [],
		"notifications": true,
		"exp": 1,
		"level": 1,
		"referal": null,
		"roulette": -1,
		"roulette_bet": 0,
		"transport": {
			"car": 0,
			"yacht": 0,
			"airplane": 0,
			"helicopter": 0
		},
		"realty": {
			"home": 0,
			"apartment": 0
		},
		"misc": {
			"phone": 0,
			"farm": 0,
			"farm_count": 0
		},
		"marriage": {
			"partner": 0,
			"requests": []
		},
		"limit": {
			"timer": 1553076322,
			"sent": 0
		}
	},
	{
		"id": 175025773,
		"uid": 23,
		"admin": false,
		"balance": 5000,
		"bank": 0,
		"btc": 0,
		"farm_btc": 0,
		"biz": 0,
		"rating": 0,
		"regDate": "20.2.2019",
		"mention": true,
		"ban": false,
		"timers": {
			"hasWorked": false,
			"bonus": false
		},
		"tag": "Евгений",
		"work": 0,
		"business": [],
		"notifications": true,
		"exp": 1,
		"level": 1,
		"referal": null,
		"roulette": -1,
		"roulette_bet": 0,
		"transport": {
			"car": 0,
			"yacht": 0,
			"airplane": 0,
			"helicopter": 0
		},
		"realty": {
			"home": 0,
			"apartment": 0
		},
		"misc": {
			"phone": 0,
			"farm": 0,
			"farm_count": 0
		},
		"marriage": {
			"partner": 0,
			"requests": []
		},
		"limit": {
			"timer": 1553076420,
			"sent": 0
		}
	}
]